"Interval start","Graph 1","Graph 2","Graph 3"
"0.000","600","1184","145"
"0.100","75","1317","1161"
"0.200","102","1382","1028"
"0.300","68","1391","1228"
"0.400","106","1360","1174"
"0.500","106","1370","990"
"0.600","72","1417","1202"
"0.700","76","1315","1115"
"0.800","103","1358","1300"
"0.900","82","1379","1197"
"1.000","213","1461","435"
"1.100","16","911","4862"
"1.200","11","590","10414"
"1.300","8","309","9623"
"1.400","12","403","10755"
"1.500","12","356","9301"
"1.600","8","309","10414"
"1.700","8","380","10414"
"1.800","18","498","5780"
"1.900","8","380","11787"
"2.000","12","356","10448"
"2.100","12","309","8757"
"2.200","8","522","10648"
"2.300","8","309","10430"
"2.400","12","356","10499"
"2.500","7","669","10451"
"2.600","12","309","10449"
"2.700","8","380","10418"
"2.800","12","404","8676"
"2.900","8","309","10438"
"3.000","12","356","11225"
"3.100","12","356","8926"
"3.200","12","404","6935"
"3.300","7","588","11904"
"3.400","12","309","8733"
"3.500","12","356","10468"
"3.600","8","380","10894"
"3.700","12","309","8790"
"3.800","8","380","11638"
"3.900","12","404","6961"
"4.000","12","356","10383"
"4.100","12","356","9005"
"4.200","8","309","10587"
"4.300","8","380","10489"
"4.400","12","356","8716"
"4.500","8","451","11753"
"4.600","16","415","7913"
"4.700","8","309","8337"
"4.800","12","356","10562"
"4.900","136","803","836"
"5.000","276","791","362"
"5.100","278","796","358"
"5.200","254","818","394"
"5.300","295","783","338"
"5.400","265","814","372"
"5.500","259","831","389"
"5.600","272","801","366"
"5.700","206","784","486"
"5.800","275","804","364"
"5.900","273","785","368"
"6.000","536","1254","186"
"6.100","412","1061","242"
"6.200","550","1194","181"
"6.300","444","1081","225"
"6.400","416","1071","241"
"6.500","287","976","343"
"6.600","495","1110","202"
"6.700","364","1038","278"
"6.800","450","1060","220"
"6.900","478","1115","210"
"7.000","290","1049","343"
"7.100","452","1088","222"
"7.200","465","1142","214"
"7.300","490","1129","203"
"7.400","440","1054","226"
"7.500","385","1018","261"
"7.600","449","1091","221"
"7.700","325","1014","306"
"7.800","465","1112","216"
"7.900","456","1119","218"
"8.000","382","1070","260"
"8.100","428","1103","235"
"8.200","412","1217","242"
"8.300","459","1062","217"
"8.400","572","1187","174"
"8.500","463","1171","215"
"8.600","451","1071","223"
"8.700","363","1101","275"
"8.800","506","1135","197"
"8.900","445","1078","223"
"9.000","361","1070","275"
"9.100","399","1042","253"
"9.200","427","1100","234"
"9.300","422","1040","236"
"9.400","470","1126","211"
"9.500","442","1121","227"
"9.600","485","1111","207"
"9.700","324","1046","308"
"9.800","454","1054","220"
"9.900","383","1043","260"
"10.000","521","1152","190"
"10.100","416","1030","243"
"10.200","370","1017","264"
"10.300","407","1042","249"
"10.400","463","1073","215"
"10.500","436","1102","230"
"10.600","386","1017","260"
"10.700","368","1058","269"
"10.800","413","1033","240"
"10.900","380","990","265"
"11.000","469","1153","212"
"11.100","278","816","361"
"11.200","231","828","406"
"11.300","295","795","359"
"11.400","262","786","379"
"11.500","242","808","415"
"11.600","264","776","379"
"11.700","268","797","370"
"11.800","282","817","356"
"11.900","278","781","360"
"12.000","217","790","460"
"12.100","282","828","354"
"12.200","241","790","416"
"12.300","267","814","374"
"12.400","278","816","356"
"12.500","242","760","415"
"12.600","284","783","348"
"12.700","247","832","408"
"12.800","194","777","515"
"12.900","265","798","375"
"13.000","273","816","366"
"13.100","273","782","369"
"13.200","264","804","378"
"13.300","232","821","431"
"13.400","273","788","363"
"13.500","272","794","366"
"13.600","172","788","574"
"13.700","175","791","584"
"13.800","273","792","364"
"13.900","261","830","385"
"14.000","276","780","362"
"14.100","236","816","421"
"14.200","132","798","738"
"14.300","196","779","525"
"14.400","156","809","638"
"14.500","149","761","673"
"14.600","173","773","564"
"14.700","255","796","397"
"14.800","480","804","208"
"14.900","274","779","364"
"15.000","419","805","241"
"15.100","328","827","304"
"15.200","340","801","291"
"15.300","423","790","232"
"15.400","399","794","256"
"15.500","372","774","268"
"15.600","477","789","209"
"15.700","477","824","209"
"15.800","588","801","168"
"15.900","463","825","218"
"16.000","713","1073","136"
"16.100","468","920","220"
"16.200","261","966","367"
"16.300","400","949","259"
"16.400","619","1050","161"
"16.500","320","1015","310"
"16.600","334","894","298"
"16.700","444","938","224"
"16.800","409","890","245"
"16.900","512","1011","196"
"17.000","317","974","314"
"17.100","459","841","215"
"17.200","520","948","193"
"17.300","531","925","188"
"17.400","582","945","171"
"17.500","595","1019","168"
"17.600","734","929","135"
"17.700","578","943","172"
"17.800","646","1063","156"
"17.900","610","919","163"
"18.000","633","1074","157"
"18.100","689","996","145"
"18.200","619","948","157"
"18.300","554","1026","184"
"18.400","652","970","154"
"18.500","501","970","198"
"18.600","807","1005","121"
"18.700","565","945","180"
"18.800","763","1055","130"
"18.900","518","920","193"
"19.000","570","1006","175"
"19.100","710","973","139"
"19.200","577","992","174"
"19.300","715","1015","140"
"19.400","622","982","160"
"19.500","654","1040","152"
"19.600","765","996","131"
"19.700","734","958","135"
"19.800","692","1027","145"
"19.900","636","941","157"
"20.000","591","1065","168"
"20.100","687","1011","144"
"20.200","706","990","140"
"20.300","701","989","142"
"20.400","580","966","174"
"20.500","504","963","198"
"20.600","689","971","145"
"20.700","711","983","140"
"20.800","649","954","154"
"20.900","742","999","133"
"21.000","627","974","159"
"21.100","731","994","137"
"21.200","586","938","171"
"21.300","615","892","162"
"21.400","721","998","137"
"21.500","605","893","166"
"21.600","835","1044","120"
"21.700","646","960","154"
"21.800","545","907","184"
"21.900","680","917","147"
"22.000","543","963","184"
"22.100","611","889","163"
"22.200","633","967","157"
"22.300","680","943","147"
"22.400","602","842","166"
"22.500","499","920","197"
"22.600","696","1014","145"
"22.700","735","1014","135"
"22.800","752","1019","132"
"22.900","742","1027","135"
"23.000","670","940","149"
"23.100","582","966","172"
"23.200","693","973","144"
"23.300","697","947","142"
"23.400","785","1031","128"
"23.500","588","913","170"
"23.600","783","1010","128"
"23.700","466","987","212"
"23.800","448","1001","223"
"23.900","587","939","171"
"24.000","637","884","156"
"24.100","664","999","149"
"24.200","613","955","163"
"24.300","642","912","156"
"24.400","669","964","148"
"24.500","650","978","155"
"24.600","651","993","153"
"24.700","637","1017","156"
"24.800","562","1005","178"
"24.900","613","1060","163"
"25.000","186","1110","437"
"25.100","552","966","215"
"25.200","664","1017","150"
"25.300","701","937","143"
"25.400","711","959","140"
"25.500","546","998","181"
"25.600","730","963","138"
"25.700","557","820","179"
"25.800","471","828","210"
"25.900","492","837","204"
"26.000","463","807","216"
"26.100","519","802","192"
"26.200","861","1116","116"
"26.300","541","949","181"
"26.400","540","812","186"
"26.500","545","838","183"
"26.600","541","786","186"
"26.700","510","812","195"
"26.800","590","827","170"
"26.900","485","798","204"
"27.000","527","805","188"
"27.100","556","827","181"
"27.200","518","775","194"
"27.300","518","804","190"
"27.400","562","822","179"
"27.500","473","782","210"
"27.600","572","801","174"
"27.700","538","820","185"
"27.800","512","795","195"
"27.900","535","809","187"
"28.000","471","810","210"
"28.100","518","795","192"
"28.200","506","817","197"
"28.300","541","822","185"
"28.400","548","790","183"
"28.500","545","814","183"
"28.600","549","821","181"
"28.700","523","789","188"
"28.800","523","818","194"
"28.900","564","825","176"
"29.000","468","767","212"
"29.100","540","812","187"
"29.200","418","816","235"
"29.300","514","800","197"
"29.400","531","815","187"
"29.500","735","824","136"
"29.600","823","794","120"
"29.700","676","804","146"
"29.800","736","804","138"
"29.900","887","799","112"
"30.000","677","815","147"
"30.100","762","819","131"
"30.200","807","794","123"
"30.300","714","808","139"
"30.400","662","802","149"
"30.500","532","792","190"
"30.600","782","795","127"
"30.700","717","803","134"
"30.800","693","810","149"
"30.900","769","811","130"
"31.000","797","925","124"
"31.100","869","844","116"
"31.200","901","872","110"
"31.300","630","934","159"
"31.400","923","849","108"
"31.500","780","858","128"
"31.600","873","868","114"
"31.700","787","832","123"
"31.800","752","872","137"
"31.900","715","864","139"
"32.000","672","837","148"
"32.100","760","838","132"
"32.200","763","871","129"
"32.300","843","835","119"
"32.400","888","888","111"
"32.500","842","893","119"
"32.600","783","843","125"
"32.700","859","855","117"
"32.800","631","894","159"
"32.900","870","841","114"
"33.000","674","864","148"
"33.100","904","849","111"
"33.200","655","853","152"
"33.300","693","834","144"
"33.400","749","865","133"
"33.500","843","854","118"
"33.600","668","894","150"
"33.700","783","870","125"
"33.800","816","882","125"
"33.900","892","857","111"
"34.000","673","907","147"
"34.100","850","830","117"
"34.200","727","877","138"
"34.300","822","865","118"
"34.400","694","910","147"
"34.500","481","862","205"
"34.600","783","880","129"
"34.700","664","841","149"
"34.800","742","873","134"
"34.900","696","881","145"
"35.000","654","900","152"
"35.100","850","898","118"
"35.200","763","848","129"
"35.300","632","877","157"
"35.400","455","900","218"
"35.500","203","874","500"
"35.600","808","906","123"
"35.700","827","916","121"
"35.800","710","866","139"
"35.900","746","840","135"
"36.000","578","910","172"
"36.100","930","883","106"
"36.200","889","853","110"
"36.300","791","905","128"
"36.400","709","884","142"
"36.500","710","868","140"
"36.600","864","875","115"
"36.700","674","906","148"
"36.800","520","875","188"
"36.900","763","829","132"
"37.000","580","982","168"
"37.100","635","836","160"
"37.200","714","888","139"
"37.300","617","884","161"
"37.400","676","855","149"
"37.500","742","882","135"
"37.600","971","923","102"
"37.700","882","924","114"
"37.800","750","887","133"
"37.900","870","893","114"
"38.000","802","947","125"
"38.100","843","971","118"
"38.200","823","969","121"
"38.300","781","902","127"
"38.400","782","889","128"
"38.500","856","961","116"
"38.600","831","901","119"
"38.700","604","925","166"
"38.800","619","1008","160"
"38.900","637","936","158"
"39.000","439","1024","220"
"39.100","491","934","196"
"39.200","356","1028","294"
"39.300","431","950","236"
"39.400","639","970","156"
"39.500","494","864","192"
"39.600","706","965","148"
"39.700","675","963","147"
"39.800","547","941","183"
"39.900","647","959","154"
"40.000","814","931","123"
"40.100","683","878","146"
"40.200","809","918","123"
"40.300","589","896","167"
"40.400","707","921","143"
"40.500","795","1002","124"
"40.600","799","860","125"
"40.700","772","934","129"
"40.800","760","918","131"
"40.900","849","929","118"
"41.000","718","970","138"
"41.100","832","806","121"
"41.200","693","802","143"
"41.300","725","807","138"
"41.400","840","815","119"
"41.500","729","816","136"
"41.600","796","805","125"
"41.700","880","817","114"
"41.800","759","822","131"
"41.900","540","788","184"
"42.000","670","802","148"
"42.100","910","812","110"
"42.200","698","795","143"
"42.300","443","810","224"
"42.400","538","813","186"
"42.500","711","789","140"
"42.600","770","797","128"
"42.700","807","816","125"
"42.800","674","787","146"
"42.900","848","799","118"
"43.000","721","816","129"
"43.100","708","789","149"
"43.200","798","804","124"
"43.300","698","806","144"
"43.400","873","800","114"
"43.500","693","813","144"
"43.600","643","806","155"
"43.700","572","804","171"
"43.800","645","798","156"
"43.900","620","800","162"
"44.000","669","784","148"
"44.100","658","803","152"
"44.200","915","812","109"
"44.300","488","791","204"
"44.400","696","804","138"
"44.500","451","801","202"
"44.600","509","783","220"
"44.700","456","789","219"
"44.800","344","823","290"
"44.900","784","808","127"
"45.000","750","791","133"
"45.100","800","807","124"
"45.200","848","789","118"
"45.300","722","820","138"
"45.400","676","817","146"
"45.500","717","776","141"
"45.600","816","800","122"
"45.700","1000","805","99"
"45.800","571","787","175"
"45.900","928","805","107"
"46.000","739","805","135"
"46.100","901","785","110"
"46.200","783","791","128"
"46.300","697","816","142"
"46.400","930","795","107"
"46.500","850","798","117"
"46.600","897","831","111"
"46.700","739","786","135"
"46.800","483","791","205"
"46.900","593","796","169"
"47.000","763","802","130"
"47.100","897","809","112"
"47.200","805","809","124"
"47.300","529","783","188"
"47.400","854","783","117"
"47.500","812","809","123"
"47.600","915","797","109"
"47.700","724","812","136"
"47.800","802","808","124"
"47.900","923","797","109"
"48.000","974","807","102"
"48.100","911","815","109"
"48.200","971","783","102"
"48.300","800","812","125"
"48.400","1082","816","92"
"48.500","728","800","137"
"48.600","971","810","103"
"48.700","1082","809","92"
"48.800","941","794","106"
"48.900","785","805","127"
"49.000","763","808","130"
"49.100","1051","796","95"
"49.200","1048","803","95"
"49.300","912","811","109"
"49.400","1067","790","93"
"49.500","1145","806","87"
"49.600","993","802","100"
"49.700","928","793","108"
"49.800","870","803","114"
"49.900","1130","810","88"
"50.000","910","796","109"
"50.100","869","791","113"
"50.200","811","804","124"
"50.300","904","786","110"
"50.400","976","807","101"
"50.500","1038","893","96"
"50.600","912","790","110"
"50.700","1113","790","89"
"50.800","1052","810","95"
"50.900","1154","786","86"
"51.000","999","911","99"
"51.100","1181","916","84"
"51.200","1202","846","83"
"51.300","1121","851","89"
"51.400","1068","882","93"
"51.500","994","856","100"
"51.600","856","885","116"
"51.700","1090","872","91"
"51.800","964","852","103"
"51.900","1036","836","96"
"52.000","979","851","102"
"52.100","1053","889","95"
"52.200","1185","791","84"
"52.300","909","988","110"
"52.400","1095","842","91"
"52.500","883","882","112"
"52.600","1015","863","99"
"52.700","1124","876","88"
"52.800","842","923","119"
"52.900","997","869","100"
"53.000","1099","857","90"
"53.100","1021","838","97"
"53.200","1164","886","85"
"53.300","831","874","120"
"53.400","1163","873","86"
"53.500","1066","844","93"
"53.600","1055","894","94"
"53.700","1103","858","91"
"53.800","1032","915","97"
"53.900","1041","868","95"
"54.000","880","890","114"
"54.100","1037","859","95"
"54.200","1066","858","94"
"54.300","790","850","123"
"54.400","822","890","124"
"54.500","823","832","118"
"54.600","960","873","106"
"54.700","989","865","101"
"54.800","946","822","105"
"54.900","1063","891","94"
"55.000","793","874","125"
"55.100","727","819","138"
"55.200","1002","881","99"
"55.300","750","905","133"
"55.400","1001","877","99"
"55.500","940","885","96"
"55.600","739","908","147"
"55.700","808","831","124"
"55.800","727","868","137"
"55.900","1035","892","96"
"56.000","749","931","133"
"56.100","332","846","290"
"56.200","492","838","210"
"56.300","355","771","277"
"56.400","636","805","159"
"56.500","700","816","142"
"56.600","749","775","133"
"56.700","751","802","133"
"56.800","656","839","151"
"56.900","879","790","114"
"57.000","705","804","141"
"57.100","703","808","142"
"57.200","832","778","112"
"57.300","315","815","307"
"57.400","676","828","162"
"57.500","1025","778","97"
"57.600","904","794","110"
"57.700","981","824","100"
"57.800","780","787","128"
"57.900","954","789","105"
"58.000","793","814","126"
"58.100","951","789","105"
"58.200","760","797","130"
"58.300","826","799","121"
"58.400","860","782","116"
"58.500","910","803","109"
"58.600","837","820","119"
"58.700","1037","787","96"
"58.800","844","814","118"
"58.900","944","810","105"
"59.000","785","785","127"
"59.100","912","808","110"
"59.200","1045","817","95"
"59.300","856","811","116"
"59.400","996","800","100"
"59.500","1074","807","93"
"59.600","882","777","113"
"59.700","916","805","108"
"59.800","979","817","102"
"59.900","1028","786","97"
"60.000","889","786","112"
"60.100","976","809","102"
"60.200","924","785","108"
"60.300","838","797","116"
"60.400","1059","816","96"
"60.500","1021","798","97"
"60.600","910","806","109"
"60.700","1102","815","90"
"60.800","839","772","119"
"60.900","1042","806","96"
"61.000","1135","903","88"
"61.100","947","873","105"
"61.200","1050","848","95"
"61.300","1081","881","92"
"61.400","847","827","118"
"61.500","1262","895","79"
"61.600","1025","914","95"
"61.700","1164","872","87"
"61.800","904","857","110"
"61.900","1016","930","98"
"62.000","1112","917","89"
"62.100","862","865","114"
"62.200","1078","935","93"
"62.300","1090","807","92"
"62.400","1002","970","99"
"62.500","1120","935","88"
"62.600","992","880","101"
"62.700","957","898","104"
"62.800","983","864","101"
"62.900","1216","894","82"
"63.000","1052","916","94"
"63.100","990","888","102"
"63.200","948","945","105"
"63.300","982","830","101"
"63.400","1080","959","92"
"63.500","1035","858","97"
"63.600","781","945","127"
"63.700","878","906","113"
"63.800","1081","941","90"
"63.900","447","892","209"
"64.000","904","1005","117"
"64.100","1045","895","97"
"64.200","972","915","102"
"64.300","1148","956","87"
"64.400","1104","859","90"
"64.500","937","934","106"
"64.600","851","927","117"
"64.700","928","939","107"
"64.800","918","892","107"
"64.900","687","914","147"
"65.000","682","848","145"
"65.100","607","1002","166"
"65.200","1026","952","97"
"65.300","1012","820","98"
"65.400","1107","902","90"
"65.500","708","880","141"
"65.600","975","911","102"
"65.700","830","871","120"
"65.800","1013","959","98"
"65.900","741","955","135"
"66.000","772","878","128"
"66.100","1109","946","90"
"66.200","1127","823","87"
"66.300","1157","898","87"
"66.400","1188","907","84"
"66.500","961","857","104"
"66.600","1292","888","77"
"66.700","948","841","105"
"66.800","1190","922","83"
"66.900","1211","883","82"
"67.000","849","939","118"
"67.100","1197","892","83"
"67.200","699","927","143"
"67.300","1025","872","96"
"67.400","1120","896","90"
"67.500","986","849","101"
"67.600","1226","906","81"
"67.700","842","862","118"
"67.800","964","815","103"
"67.900","823","876","119"
"68.000","577","923","174"
"68.100","817","852","123"
"68.200","907","881","110"
"68.300","815","841","122"
"68.400","575","908","174"
"68.500","405","974","246"
"68.600","886","870","112"
"68.700","1045","856","95"
"68.800","972","858","102"
"68.900","797","841","125"
"69.000","914","864","109"
"69.100","807","847","122"
"69.200","817","859","123"
"69.300","1103","869","90"
"69.400","1125","876","88"
"69.500","964","820","103"
"69.600","1239","860","80"
"69.700","942","875","106"
"69.800","1094","818","91"
"69.900","1140","831","87"
"70.000","1001","887","100"
"70.100","974","830","102"
"70.200","1040","883","95"
"70.300","967","872","104"
"70.400","1091","838","92"
"70.500","1271","835","78"
"70.600","1058","872","94"
"70.700","977","816","98"
"70.800","944","873","109"
"70.900","1042","880","96"
"71.000","1131","876","88"
"71.100","1049","803","94"
"71.200","1020","816","98"
"71.300","1153","789","85"
"71.400","1099","802","91"
"71.500","1108","804","89"
"71.600","1168","794","85"
"71.700","839","794","118"
"71.800","918","805","109"
"71.900","1071","781","93"
"72.000","901","795","110"
"72.100","1055","818","94"
"72.200","1134","787","88"
"72.300","844","800","118"
"72.400","1157","818","86"
"72.500","880","768","113"
"72.600","1064","804","93"
"72.700","1014","812","98"
"72.800","1086","782","92"
"72.900","1054","803","94"
"73.000","1026","818","97"
"73.100","1074","802","93"
"73.200","790","798","126"
"73.300","1179","819","84"
"73.400","1135","781","87"
"73.500","1035","802","97"
"73.600","1065","814","93"
"73.700","1011","795","99"
"73.800","1022","796","97"
"73.900","1294","804","77"
"74.000","1024","779","97"
"74.100","1098","792","90"
"74.200","943","819","105"
"74.300","1038","788","97"
"74.400","968","800","103"
"74.500","826","816","120"
"74.600","903","794","111"
"74.700","723","806","134"
"74.800","982","815","104"
"74.900","1035","792","96"
"75.000","997","803","100"
"75.100","1182","805","84"
"75.200","1097","783","91"
"75.300","981","792","101"
"75.400","1209","812","82"
"75.500","1061","768","94"
"75.600","977","804","102"
"75.700","1258","798","79"
"75.800","944","794","105"
"75.900","1189","789","84"
"76.000","1047","813","95"
"76.100","1106","776","90"
"76.200","1057","801","94"
"76.300","1208","812","82"
"76.400","1120","802","87"
"76.500","1001","787","102"
"76.600","1186","816","84"
"76.700","1116","787","89"
"76.800","1176","801","84"
"76.900","1230","807","81"
"77.000","1002","784","98"
"77.100","1137","813","88"
"77.200","1082","811","92"
"77.300","1074","778","93"
"77.400","1174","788","84"
"77.500","1226","809","81"
"77.600","1159","795","86"
"77.700","1216","797","82"
"77.800","1140","794","87"
"77.900","1318","781","75"
"78.000","1080","795","92"
"78.100","1301","810","77"
"78.200","991","778","100"
"78.300","1170","800","85"
"78.400","1048","817","95"
"78.500","890","796","112"
"78.600","1036","792","96"
"78.700","1318","802","75"
"78.800","1186","795","85"
"78.900","1296","801","76"
"79.000","1027","808","97"
"79.100","1271","794","79"
"79.200","988","816","101"
"79.300","804","832","124"
"79.400","1129","795","88"
"79.500","754","785","113"
"79.600","334","793","343"
"79.700","826","780","119"
"79.800","950","789","106"
"79.900","848","812","117"
"80.000","802","777","123"
"80.100","524","800","193"
"80.200","469","822","199"
"80.300","659","781","161"
"80.400","1064","809","93"
"80.500","1157","805","86"
"80.600","1100","785","90"
"80.700","1060","799","94"
"80.800","1076","814","93"
"80.900","1091","787","91"
"81.000","909","884","109"
"81.100","1001","827","100"
"81.200","908","784","110"
"81.300","666","801","150"
"81.400","636","807","156"
"81.500","609","757","164"
"81.600","768","797","129"
"81.700","1038","809","96"
"81.800","798","761","124"
"81.900","1048","807","95"
"82.000","793","812","125"
"82.100","702","784","143"
"82.200","1030","804","97"
"82.300","810","804","123"
"82.400","856","787","117"
"82.500","1001","795","99"
"82.600","1159","814","85"
"82.700","751","762","133"
"82.800","828","809","119"
"82.900","498","820","179"
"83.000","160","798","702"
"83.100","564","787","177"
"83.200","1041","825","95"
"83.300","1035","776","96"
"83.400","685","782","146"
"83.500","681","805","145"
"83.600","816","788","123"
"83.700","1120","800","89"
"83.800","872","811","114"
"83.900","886","795","112"
"84.000","1054","801","94"
"84.100","910","817","110"
"84.200","1426","783","70"
"84.300","1184","808","84"
"84.400","1345","813","73"
"84.500","1199","778","84"
"84.600","1333","803","75"
"84.700","1327","809","74"
"84.800","790","785","127"
"84.900","1430","795","69"
"85.000","1089","799","89"
"85.100","410","805","243"
"85.200","1237","802","82"
"85.300","1111","800","90"
"85.400","882","794","113"
"85.500","1130","819","88"
"85.600","1046","813","95"
"85.700","351","748","280"
"85.800","1379","805","73"
"85.900","1487","815","67"
"86.000","1566","881","63"
"86.100","1034","915","96"
"86.200","1099","995","90"
"86.300","1074","837","92"
"86.400","1383","910","71"
"86.500","919","906","95"
"86.600","529","959","209"
"86.700","1095","913","92"
"86.800","1150","974","87"
"86.900","1453","894","68"
"87.000","1236","884","80"
"87.100","1038","895","96"
"87.200","1332","888","75"
"87.300","766","860","130"
"87.400","1074","814","92"
"87.500","1015","801","83"
"87.600","1110","1118","103"
"87.700","1249","935","80"
"87.800","1469","897","67"
"87.900","1671","878","60"
"88.000","1205","862","72"
"88.100","685","925","164"
"88.200","1512","946","66"
"88.300","902","924","102"
"88.400","1537","870","69"
"88.500","1564","870","63"
"88.600","1192","886","84"
"88.700","1555","832","63"
"88.800","1444","884","69"
"88.900","1553","886","64"
"89.000","1538","841","65"
"89.100","1457","857","68"
"89.200","1624","891","61"
"89.300","1229","845","81"
"89.400","1373","915","72"
"89.500","871","884","114"
"89.600","1235","836","80"
"89.700","1408","850","70"
"89.800","1564","869","64"
"89.900","1327","836","75"
"90.000","1430","904","69"
"90.100","899","886","111"
"90.200","1430","834","69"
"90.300","1436","839","69"
"90.400","1450","887","69"
"90.500","1590","821","62"
"90.600","1531","881","65"
"90.700","1588","859","62"
"90.800","1529","884","65"
"90.900","1559","825","63"
"91.000","1599","884","63"
"91.100","1453","832","68"
"91.200","1657","854","60"
"91.300","1410","829","70"
"91.400","1508","849","66"
"91.500","1398","836","71"
"91.600","1430","878","69"
"91.700","1754","872","57"
"91.800","1446","818","69"
"91.900","1684","840","59"
"92.000","1533","890","64"
"92.100","778","917","129"
"92.200","1151","880","86"
"92.300","1050","890","95"
"92.400","1657","877","60"
"92.500","1563","861","63"
"92.600","1574","869","64"
"92.700","1499","857","66"
"92.800","1503","856","66"
"92.900","1641","830","61"
"93.000","1430","858","69"
"93.100","1211","853","82"
"93.200","1563","840","64"
"93.300","1123","931","88"
"93.400","1016","866","99"
"93.500","1314","858","76"
"93.600","1362","861","73"
"93.700","1573","877","63"
"93.800","1311","824","75"
"93.900","1271","875","79"
"94.000","1208","889","82"
"94.100","1298","852","77"
"94.200","1395","867","71"
"94.300","1287","867","77"
"94.400","1481","849","66"
"94.500","1453","822","69"
"94.600","1157","809","86"
"94.700","1198","904","83"
"94.800","1266","854","78"
"94.900","1006","868","98"
"95.000","1205","802","84"
"95.100","1337","871","73"
"95.200","1420","856","70"
"95.300","1341","785","74"
"95.400","1406","796","71"
"95.500","1255","806","79"
"95.600","810","765","123"
"95.700","1245","805","80"
"95.800","1298","859","75"
"95.900","1168","1029","87"
"96.000","1464","846","68"
"96.100","1467","834","68"
"96.200","1435","823","69"
"96.300","1297","834","77"
"96.400","1198","872","83"
"96.500","1589","808","62"
"96.600","1392","828","71"
"96.700","1431","836","70"
"96.800","1509","883","64"
"96.900","1306","841","78"
"97.000","1327","833","75"
"97.100","1364","813","73"
"97.200","1347","823","74"
"97.300","1408","846","71"
"97.400","1317","819","75"
"97.500","1458","804","68"
"97.600","984","866","101"
"97.700","1372","811","72"
"97.800","1207","848","81"
"97.900","1260","871","80"
"98.000","1594","800","62"
"98.100","1234","859","80"
"98.200","1339","821","74"
"98.300","1422","875","68"
"98.400","1104","848","92"
"98.500","1353","837","73"
"98.600","1347","815","74"
"98.700","1508","845","66"
"98.800","1477","825","67"
"98.900","1416","837","70"
"99.000","1472","854","67"
"99.100","1129","873","88"
"99.200","1640","846","61"
"99.300","1419","825","70"
"99.400","1376","880","72"
"99.500","1587","817","62"
"99.600","1330","833","74"
"99.700","1494","860","67"
"99.800","1483","819","67"
"99.900","1385","822","72"
"100.000","1478","838","67"
"100.100","1509","806","66"
"100.200","1472","851","67"
"100.300","1444","856","69"
"100.400","1403","851","71"
"100.500","1747","842","57"
"100.600","1442","889","69"
"100.700","1510","822","66"
"100.800","1491","868","66"
"100.900","1583","860","63"
"101.000","1621","862","61"
"101.100","1351","813","73"
"101.200","1471","811","67"
"101.300","1056","785","90"
"101.400","947","794","110"
"101.500","1487","816","67"
"101.600","993","757","100"
"101.700","961","797","104"
"101.800","1299","822","76"
"101.900","1470","789","67"
"102.000","1460","802","68"
"102.100","1258","831","79"
"102.200","1548","779","64"
"102.300","1242","801","79"
"102.400","1054","818","95"
"102.500","1231","783","81"
"102.600","1127","801","88"
"102.700","1501","825","66"
"102.800","1301","781","76"
"102.900","1296","793","77"
"103.000","1545","820","64"
"103.100","1101","789","91"
"103.200","1290","797","77"
"103.300","1255","821","77"
"103.400","1218","793","84"
"103.500","1654","804","60"
"103.600","866","815","115"
"103.700","1328","785","75"
"103.800","1247","805","78"
"103.900","1508","816","67"
"104.000","1259","784","79"
"104.100","948","805","105"
"104.200","1371","801","72"
"104.300","1397","778","71"
"104.400","1231","802","81"
"104.500","1343","814","74"
"104.600","861","771","115"
"104.700","1331","792","75"
"104.800","1245","813","79"
"104.900","1008","791","100"
"105.000","1018","808","98"
"105.100","689","786","117"
"105.200","924","791","128"
"105.300","501","813","65"
"105.400","0","0","0"
"105.500","0","0","0"
"105.600","0","0","0"
"105.700","0","0","0"
"105.800","0","0","0"
"105.900","0","0","0"
"106.000","966","823","794"
"106.100","685","787","146"
"106.200","539","791","176"
"106.300","503","783","207"
"106.400","425","755","202"
"106.500","205","730","556"
"106.600","1012","809","93"
"106.700","475","766","221"
"106.800","1091","775","91"
"106.900","880","827","113"
"107.000","1278","785","77"
"107.100","1198","810","78"
"107.200","1016","823","105"
"107.300","1300","777","76"
"107.400","1108","794","90"
"107.500","1354","811","73"
"107.600","1177","775","85"
"107.700","802","784","124"
"107.800","1238","817","80"
"107.900","1344","786","74"
"108.000","1534","790","65"
"108.100","1354","810","73"
"108.200","1366","780","72"
"108.300","1662","789","60"
"108.400","1031","821","96"
"108.500","1569","781","64"
"108.600","1402","800","71"
"108.700","1481","804","67"
"108.800","1579","785","63"
"108.900","1489","800","67"
"109.000","1740","821","57"
"109.100","1584","792","63"
"109.200","1586","795","63"
"109.300","1867","804","53"
"109.400","1614","787","61"
"109.500","1704","793","58"
"109.600","1502","815","66"
"109.700","1623","789","61"
"109.800","1782","797","56"
"109.900","1648","814","60"
"110.000","1806","782","55"
"110.100","1617","808","61"
"110.200","1542","863","65"
"110.300","1811","798","55"
"110.400","1561","800","64"
"110.500","1613","820","62"
"110.600","1780","783","56"
"110.700","1482","795","66"
"110.800","1812","807","55"
"110.900","1553","771","64"
"111.000","1809","872","55"
"111.100","1556","841","64"
"111.200","1769","837","56"
"111.300","1602","812","62"
"111.400","1599","869","62"
"111.500","1733","820","57"
"111.600","1694","832","58"
"111.700","1779","864","56"
"111.800","1883","828","53"
"111.900","1346","831","74"
"112.000","1405","870","71"
"112.100","1666","806","59"
"112.200","1542","839","64"
"112.300","1770","852","56"
"112.400","1478","826","67"
"112.500","1893","844","52"
"112.600","1708","852","58"
"112.700","1529","822","65"
"112.800","1765","843","56"
"112.900","1751","858","57"
"113.000","1716","819","57"
"113.100","1856","835","54"
"113.200","1496","842","66"
"113.300","1634","819","60"
"113.400","1621","834","62"
"113.500","1733","841","57"
"113.600","1561","828","64"
"113.700","1470","806","67"
"113.800","1930","884","51"
"113.900","1356","845","73"
"114.000","1592","835","62"
"114.100","1671","828","59"
"114.200","1752","844","57"
"114.300","1756","832","56"
"114.400","1581","841","63"
"114.500","1833","825","54"
"114.600","1520","866","65"
"114.700","1351","830","74"
"114.800","1939","843","51"
"114.900","1529","850","65"
"115.000","1878","846","53"
"115.100","1863","833","53"
"115.200","1447","848","69"
"115.300","1536","842","64"
"115.400","1671","833","60"
"115.500","1354","824","73"
"115.600","1695","868","59"
"115.700","1603","858","62"
"115.800","1680","796","59"
"115.900","1571","872","63"
"116.000","1772","852","56"
"116.100","1724","799","58"
"116.200","1505","814","66"
"116.300","1758","786","56"
"116.400","1463","787","68"
"116.500","1604","819","62"
"116.600","1497","779","66"
"116.700","1586","791","63"
"116.800","1811","803","54"
"116.900","1618","788","62"
"117.000","1779","801","56"
"117.100","1378","812","72"
"117.200","1673","784","59"
"117.300","1797","787","55"
"117.400","1511","823","66"
"117.500","1799","784","55"
"117.600","1726","804","57"
"117.700","1449","822","68"
"117.800","1750","780","57"
"117.900","1643","793","60"
"118.000","1702","813","58"
"118.100","1802","780","55"
"118.200","1559","782","64"
"118.300","1630","813","61"
"118.400","1413","781","70"
"118.500","1652","797","60"
"118.600","1574","810","63"
"118.700","1724","789","57"
"118.800","1917","795","51"
"118.900","1629","825","61"
"119.000","1755","777","56"
"119.100","1656","800","59"
"119.200","1535","813","65"
"119.300","1835","791","54"
"119.400","1627","802","61"
"119.500","1838","819","54"
"119.600","1759","772","56"
"119.700","1372","795","72"
"119.800","1530","824","65"
"119.900","1334","796","74"
"120.000","1872","793","53"
"120.100","1701","820","58"
"120.200","1639","792","61"
"120.300","1813","792","55"
"120.400","1549","827","64"
"120.500","1748","779","57"
"120.600","1830","796","54"
"120.700","1368","781","72"
"120.800","1868","790","53"
"120.900","1555","797","63"
"121.000","1824","897","55"
"121.100","1692","799","58"
"121.200","1756","842","57"
"121.300","1922","841","52"
"121.400","1554","833","64"
"121.500","1979","826","50"
"121.600","1833","843","54"
"121.700","1699","811","58"
"121.800","1771","869","56"
"121.900","1377","853","72"
"122.000","1769","809","56"
"122.100","1848","844","54"
"122.200","1901","859","52"
"122.300","2023","815","49"
"122.400","1678","860","59"
"122.500","1728","861","58"
"122.600","1949","822","51"
"122.700","1701","842","58"
"122.800","2042","847","48"
"122.900","1799","810","55"
"123.000","1948","833","51"
"123.100","1624","861","60"
"123.200","1863","803","54"
"123.300","1896","842","52"
"123.400","1575","860","63"
"123.500","2036","834","49"
"123.600","1894","860","52"
"123.700","1727","865","58"
"123.800","2017","814","49"
"123.900","1497","842","66"
"124.000","2008","876","49"
"124.100","1997","835","50"
"124.200","1517","861","65"
"124.300","1726","817","57"
"124.400","1599","857","62"
"124.500","1817","836","55"
"124.600","1931","843","51"
"124.700","1801","845","55"
"124.800","1816","845","54"
"124.900","1690","841","59"
"125.000","1712","841","58"
"125.100","1636","827","60"
"125.200","1412","885","71"
"125.300","1524","860","65"
"125.400","1754","823","56"
"125.500","1843","848","54"
"125.600","1647","835","60"
"125.700","1632","832","61"
"125.800","1540","864","64"
"125.900","1102","811","74"
"126.000","1709","837","68"
"126.100","1816","841","54"
"126.200","1184","882","84"
"126.300","1882","853","53"
"126.400","1550","854","64"
"126.500","1799","853","55"
"126.600","1590","860","62"
"126.700","1819","843","54"
"126.800","2062","826","48"
"126.900","1612","855","62"
"127.000","1928","861","51"
"127.100","1899","820","52"
"127.200","1593","899","62"
"127.300","1653","857","60"
"127.400","1427","880","70"
"127.500","1753","833","57"
"127.600","1533","867","65"
"127.700","1219","839","82"
"127.800","1998","876","50"
"127.900","1423","883","70"
"128.000","1748","836","57"
"128.100","1793","844","55"
"128.200","788","920","127"
"128.300","1681","834","59"
"128.400","1658","859","60"
"128.500","1945","878","51"
"128.600","1973","802","50"
"128.700","1451","833","68"
"128.800","1299","874","77"
"128.900","1479","878","66"
"129.000","1282","807","78"
"129.100","1556","883","64"
"129.200","1164","845","85"
"129.300","913","865","109"
"129.400","1276","890","78"
"129.500","1913","831","52"
"129.600","1878","837","53"
"129.700","1772","852","56"
"129.800","1895","821","52"
"129.900","1226","884","81"
"130.000","1668","875","60"
"130.100","1793","821","55"
"130.200","1610","852","62"
"130.300","1749","824","56"
"130.400","1574","845","64"
"130.500","1730","829","57"
"130.600","1707","848","58"
"130.700","1222","811","81"
"130.800","1061","867","67"
"130.900","951","855","134"
"131.000","1291","892","77"
"131.100","924","831","82"
"131.200","977","849","122"
"131.300","1444","793","72"
"131.400","1585","790","63"
"131.500","1856","811","53"
"131.600","1947","787","51"
"131.700","1220","827","82"
"131.800","1278","827","78"
"131.900","1547","788","64"
"132.000","1338","806","75"
"132.100","1644","816","60"
"132.200","1386","764","72"
"132.300","1640","805","61"
"132.400","1454","818","68"
"132.500","1833","786","54"
"132.600","1570","804","63"
"132.700","1359","820","73"
"132.800","1871","780","53"
"132.900","1823","815","54"
"133.000","1750","812","57"
"133.100","2150","786","46"
"133.200","1236","779","81"
"133.300","1472","832","67"
"133.400","1570","792","63"
"133.500","1696","787","59"
"133.600","1812","827","55"
"133.700","1467","776","67"
"133.800","1692","799","59"
"133.900","1701","812","59"
"134.000","1796","795","55"
"134.100","1940","799","51"
"134.200","1458","816","68"
"134.300","1666","782","60"
"134.400","1722","812","57"
"134.500","1654","807","60"
"134.600","1983","788","50"
"134.700","1722","809","57"
"134.800","1901","811","52"
"134.900","1582","780","63"
"135.000","1760","809","56"
"135.100","2003","821","49"
"135.200","1309","795","76"
"135.300","879","793","60"
"135.400","0","0","0"
"135.500","0","0","0"
"135.600","1656","782","209"
"135.700","1680","833","59"
"135.800","1609","778","62"
"135.900","761","788","126"
"136.000","1133","817","91"
"136.100","1593","787","60"
"136.200","1336","801","77"
"136.300","1149","825","86"
"136.400","1075","775","92"
"136.500","255","852","250"
"136.600","258","920","496"
"136.700","1030","795","105"
"136.800","1143","796","87"
"136.900","1883","810","52"
"137.000","1511","798","66"
"137.100","1690","809","59"
"137.200","1899","811","52"
"137.300","1647","796","60"
"137.400","1698","800","58"
"137.500","1764","818","56"
"137.600","1758","782","56"
"137.700","1777","796","56"
"137.800","1334","803","68"
"137.900","895","775","114"
"138.000","1460","790","72"
"138.100","1847","822","54"
"138.200","1769","775","56"
"138.300","1987","793","50"
"138.400","1898","824","52"
"138.500","1998","788","50"
"138.600","1997","804","50"
"138.700","934","870","107"
"138.800","1961","779","50"
"138.900","1828","804","54"
"139.000","1904","813","52"
"139.100","1814","781","55"
"139.200","1890","797","52"
"139.300","1977","819","50"
"139.400","2021","777","49"
"139.500","906","780","100"
"139.600","808","792","134"
"139.700","730","763","136"
"139.800","1840","798","54"
"139.900","2039","818","49"
"140.000","2097","790","47"
"140.100","1909","809","52"
"140.200","1441","840","69"
"140.300","2053","782","48"
"140.400","1479","823","52"
"140.500","1287","833","95"
"140.600","2209","783","45"
"140.700","1878","794","53"
"140.800","1949","822","51"
"140.900","2015","784","49"
"141.000","1649","838","58"
"141.100","1988","834","51"
"141.200","1131","832","88"
"141.300","1250","801","79"
"141.400","1897","826","52"
"141.500","1347","839","74"
"141.600","2135","833","46"
"141.700","1862","853","53"
"141.800","2161","819","46"
"141.900","2000","829","50"
"142.000","1946","851","51"
"142.100","1432","799","69"
"142.200","1697","842","58"
"142.300","2032","857","48"
"142.400","1447","818","69"
"142.500","1651","822","60"
"142.600","1275","857","78"
"142.700","1217","804","73"
"142.800","1368","813","80"
"142.900","1802","826","50"
"143.000","965","819","112"
"143.100","1997","826","50"
"143.200","2084","856","47"
"143.300","2034","814","49"
"143.400","1958","836","51"
"143.500","1522","848","65"
"143.600","2130","814","46"
"143.700","1629","824","61"
"143.800","1354","884","73"
"143.900","1803","824","54"
"144.000","1120","847","71"
"144.100","1032","851","118"
"144.200","380","802","126"
"144.300","579","816","254"
"144.400","1135","872","92"
"144.500","515","873","194"
"144.600","818","820","122"
"144.700","620","801","161"
"144.800","1018","807","79"
"144.900","1294","823","89"
"145.000","363","990","241"
"145.100","890","795","106"
"145.200","394","906","195"
"145.300","573","887","249"
"145.400","610","843","163"
"145.500","236","1064","423"
"145.600","894","874","111"
"145.700","815","771","122"
"145.800","1038","783","96"
"145.900","753","834","132"
"146.000","794","830","126"
"146.100","1706","798","58"
"146.200","1319","807","72"
"146.300","435","814","225"
"146.400","765","816","138"
"146.500","688","830","145"
"146.600","1189","777","82"
"146.700","1399","780","72"
"146.800","446","713","136"
"146.900","0","0","0"
"147.000","0","0","0"
"147.100","283","832","1164"
"147.200","1206","804","90"
"147.300","1207","792","83"
"147.400","811","807","123"
"147.500","574","843","173"
"147.600","936","752","107"
"147.700","586","800","149"
"147.800","733","793","153"
"147.900","1212","781","80"
"148.000","846","822","120"
"148.100","640","751","135"
"148.200","746","787","135"
"148.300","757","774","128"
"148.400","917","768","124"
"148.500","199","688","484"
"148.600","266","806","111"
"148.700","1582","772","110"
"148.800","761","811","131"
"148.900","1697","835","58"
"149.000","1834","785","54"
"149.100","1847","795","53"
"149.200","1865","808","53"
"149.300","1335","760","74"
"149.400","1228","805","81"
"149.500","1235","844","81"
"149.600","1569","789","63"
"149.700","2143","811","46"
"149.800","1767","804","56"
"149.900","2004","788","50"
"150.000","1905","797","52"
"150.100","1565","821","63"
"150.200","2056","787","45"
"150.300","1158","816","90"
"150.400","1644","820","61"
"150.500","1652","783","60"
"150.600","1619","799","61"
"150.700","1355","832","74"
"150.800","1606","762","62"
"150.900","1847","792","54"
"151.000","1844","895","54"
"151.100","1523","805","63"
"151.200","1227","808","84"
"151.300","1515","833","65"
"151.400","2174","820","46"
"151.500","1860","819","53"
"151.600","2011","821","48"
"151.700","1128","834","90"
"151.800","1833","856","54"
"151.900","1238","841","52"
"152.000","1217","880","103"
"152.100","844","766","127"
"152.200","2278","860","44"
"152.300","1641","832","61"
"152.400","2010","872","49"
"152.500","1384","831","48"
"152.600","1228","872","100"
"152.700","1540","846","68"
"152.800","717","823","133"
"152.900","1498","872","72"
"153.000","1564","832","60"
"153.100","1531","907","69"
"153.200","1867","823","53"
"153.300","1977","798","49"
"153.400","2041","811","48"
"153.500","1885","871","54"
"153.600","1079","773","92"
"153.700","1826","823","54"
"153.800","1606","838","59"
"153.900","2132","801","49"
"154.000","1999","808","49"
"154.100","1957","798","51"
"154.200","2155","886","46"
"154.300","1776","840","56"
"154.400","1061","774","80"
"154.500","1286","828","78"
"154.600","1795","880","63"
"154.700","2163","860","46"
"154.800","1298","894","76"
"154.900","2038","828","49"
"155.000","1875","853","53"
"155.100","1811","840","55"
"155.200","1695","873","59"
"155.300","415","802","240"
"155.400","1382","898","72"
"155.500","1863","882","53"
"155.600","1787","838","56"
"155.700","1505","826","61"
"155.800","1000","825","101"
"155.900","580","814","176"
"156.000","323","842","252"
"156.100","236","792","516"
"156.200","23","818","3583"
"156.300","572","877","193"
"156.400","829","825","124"
"156.500","1186","790","87"
"156.600","422","722","223"
"156.700","1355","819","76"
"156.800","1029","802","97"
"156.900","457","783","208"
"157.000","1823","829","58"
"157.100","660","742","84"
"157.200","1050","833","136"
"157.300","1893","821","53"
"157.400","2066","786","48"
"157.500","2258","800","43"
"157.600","1684","813","59"
"157.700","2280","785","43"
"157.800","2155","803","46"
"157.900","2179","809","45"
"158.000","2214","778","45"
"158.100","1625","827","53"
"158.200","1922","819","59"
"158.300","706","776","130"
"158.400","784","770","137"
"158.500","2391","817","41"
"158.600","1365","794","73"
"158.700","2269","807","44"
"158.800","2197","810","45"
"158.900","1617","773","61"
"159.000","2234","804","44"
"159.100","1136","806","58"
"159.200","1167","788","114"
"159.300","1792","801","53"
"159.400","1111","831","91"
"159.500","1724","769","59"
"159.600","710","822","140"
"159.700","1910","825","52"
"159.800","1461","781","58"
"159.900","1749","780","65"
"160.000","2339","819","42"
"160.100","490","791","204"
"160.200","1373","786","72"
"160.300","1838","820","52"
"160.400","1875","795","55"
"160.500","2068","793","48"
"160.600","915","834","45"
"160.700","335","838","471"
"160.800","2359","794","42"
"160.900","984","810","79"
"161.000","1841","799","66"
"161.100","1304","803","76"
"161.200","2249","813","44"
"161.300","2115","790","47"
"161.400","1469","816","68"
"161.500","2309","820","43"
"161.600","1919","788","47"
"161.700","1422","925","57"
"161.800","1479","857","85"
"161.900","1108","827","90"
"162.000","1443","821","69"
"162.100","1190","852","54"
"162.200","2102","855","64"
"162.300","2023","829","49"
"162.400","996","922","100"
"162.500","1502","833","66"
"162.600","1394","840","71"
"162.700","1233","817","79"
"162.800","1386","856","70"
"162.900","1504","818","69"
"163.000","2491","864","39"
"163.100","2058","830","48"
"163.200","1365","851","73"
"163.300","1421","850","70"
"163.400","1706","825","58"
"163.500","975","822","102"
"163.600","192","839","139"
"163.700","129","809","1343"
"163.800","1868","861","53"
"163.900","1270","794","73"
"164.000","1754","784","61"
"164.100","1175","836","61"
"164.200","1241","833","103"
"164.300","1191","816","79"
"164.400","907","840","116"
"164.500","953","838","104"
"164.600","867","786","100"
"164.700","1317","822","86"
"164.800","975","829","100"
"164.900","307","764","140"
"165.000","1214","885","130"
"165.100","1017","809","68"
"165.200","131","913","953"
"165.300","1107","797","94"
"165.400","609","793","164"
"165.500","1575","775","60"
"165.600","1279","832","72"
"165.700","1844","834","58"
"165.800","1912","827","54"
"165.900","627","878","137"
"166.000","1603","811","67"
"166.100","717","825","125"
"166.200","1861","806","61"
"166.300","2477","807","41"
"166.400","2230","786","44"
"166.500","1875","806","53"
"166.600","1760","820","56"
"166.700","2321","791","43"
"166.800","1109","841","69"
"166.900","590","1021","198"
"167.000","1406","898","75"
"167.100","891","850","87"
"167.200","1560","835","75"
"167.300","1363","776","72"
"167.400","1232","800","85"
"167.500","1811","806","55"
"167.600","1663","800","54"
"167.700","1612","807","67"
"167.800","1869","842","52"
"167.900","695","796","119"
"168.000","1653","809","71"
"168.100","1221","793","82"
"168.200","2002","805","50"
"168.300","1877","806","53"
"168.400","1290","836","77"
"168.500","1616","789","61"
"168.600","1460","808","65"
"168.700","1984","830","52"
"168.800","1523","864","62"
"168.900","1460","818","72"
"169.000","998","872","100"
"169.100","1394","811","68"
"169.200","1539","810","66"
"169.300","1906","818","52"
"169.400","1939","781","51"
"169.500","1626","828","60"
"169.600","1265","842","79"
"169.700","1488","816","67"
"169.800","1970","824","50"
"169.900","724","812","136"
"170.000","1612","800","62"
"170.100","1615","808","55"
"170.200","807","810","137"
"170.300","1252","800","79"
"170.400","845","832","118"
"170.500","1407","845","69"
"170.600","893","772","114"
"170.700","1653","827","60"
"170.800","1402","802","70"
"170.900","1177","786","86"
"171.000","821","798","121"
"171.100","682","787","99"
"171.200","373","771","354"
"171.300","2294","806","43"
"171.400","1833","836","54"
"171.500","2223","790","45"
"171.600","2218","806","45"
"171.700","2314","814","42"
"171.800","1432","780","70"
"171.900","1071","836","93"
"172.000","2059","827","47"
"172.100","1600","782","63"
"172.200","1990","796","50"
"172.300","1822","807","54"
"172.400","1984","777","50"
"172.500","2083","800","48"
"172.600","837","816","98"
"172.700","2012","783","58"
"172.800","2002","803","49"
"172.900","1250","848","80"
"173.000","2281","781","43"
"173.100","999","817","99"
"173.200","1996","828","50"
"173.300","1817","800","55"
"173.400","945","838","103"
"173.500","1262","827","80"
"173.600","1629","790","60"
"173.700","1889","805","51"
"173.800","1343","805","76"
"173.900","1056","768","94"
"174.000","1238","808","80"
"174.100","1727","804","52"
"174.200","1422","778","76"
"174.300","1898","803","52"
"174.400","1105","823","79"
"174.500","871","812","120"
"174.600","493","736","215"
"174.700","831","839","119"
"174.800","1175","793","85"
"174.900","615","780","145"
"175.000","682","812","161"
"175.100","1116","768","77"
"175.200","897","786","117"
"175.300","167","710","630"
"175.400","1161","800","88"
"175.500","1215","807","82"
"175.600","1313","788","60"
"175.700","1053","781","95"
"175.800","833","818","144"
"175.900","1082","820","92"
"176.000","981","808","101"
"176.100","720","819","110"
"176.200","1318","805","89"
"176.300","889","796","110"
"176.400","1513","783","68"
"176.500","2455","825","40"
"176.600","1894","799","52"
"176.700","1453","821","69"
"176.800","2236","833","44"
"176.900","1458","788","68"
"177.000","753","852","69"
"177.100","1443","801","102"
"177.200","957","753","68"
"177.300","64","942","868"

