"Interval start","Graph 1"
"0.000","1"
"0.100","0"
"0.200","0"
"0.300","0"
"0.400","0"
"0.500","0"
"0.600","0"
"0.700","0"
"0.800","2"
"0.900","1"
"1.000","1"
"1.100","0"
"1.200","0"
"1.300","1"
"1.400","0"
"1.500","0"
"1.600","0"
"1.700","0"
"1.800","0"
"1.900","0"
"2.000","8"
"2.100","0"
"2.200","0"
"2.300","0"
"2.400","0"
"2.500","0"
"2.600","0"
"2.700","0"
"2.800","0"
"2.900","2"
"3.000","3"
"3.100","0"
"3.200","0"
"3.300","1"
"3.400","0"
"3.500","0"
"3.600","0"
"3.700","0"
"3.800","0"
"3.900","0"
"4.000","0"
"4.100","0"
"4.200","0"
"4.300","3"
"4.400","0"
"4.500","0"
"4.600","0"
"4.700","0"
"4.800","0"
"4.900","0"
"5.000","2"
"5.100","0"
"5.200","0"
"5.300","0"
"5.400","0"
"5.500","0"
"5.600","0"
"5.700","0"
"5.800","0"
"5.900","0"
"6.000","2"
"6.100","0"
"6.200","0"
"6.300","1"
"6.400","1"
"6.500","0"
"6.600","0"
"6.700","0"
"6.800","0"
"6.900","0"
"7.000","8"
"7.100","0"
"7.200","0"
"7.300","0"
"7.400","0"
"7.500","0"
"7.600","0"
"7.700","0"
"7.800","0"
"7.900","2"
"8.000","3"
"8.100","0"
"8.200","0"
"8.300","0"
"8.400","0"
"8.500","0"
"8.600","0"
"8.700","2"
"8.800","0"
"8.900","2"
"9.000","1"
"9.100","0"
"9.200","0"
"9.300","2"
"9.400","0"
"9.500","0"
"9.600","0"
"9.700","14"
"9.800","0"
"9.900","0"
"10.000","2"
"10.100","0"
"10.200","0"
"10.300","0"
"10.400","0"
"10.500","0"
"10.600","0"
"10.700","0"
"10.800","0"
"10.900","0"
"11.000","2"
"11.100","0"
"11.200","0"
"11.300","1"
"11.400","1"
"11.500","0"
"11.600","0"
"11.700","0"
"11.800","0"
"11.900","0"
"12.000","6"
"12.100","0"
"12.200","0"
"12.300","0"
"12.400","1"
"12.500","0"
"12.600","0"
"12.700","0"
"12.800","0"
"12.900","2"
"13.000","3"
"13.100","0"
"13.200","0"
"13.300","0"
"13.400","0"
"13.500","0"
"13.600","0"
"13.700","0"
"13.800","0"
"13.900","2"
"14.000","2"
"14.100","0"
"14.200","0"
"14.300","0"
"14.400","0"
"14.500","0"
"14.600","0"
"14.700","0"
"14.800","0"
"14.900","0"
"15.000","6"
"15.100","0"
"15.200","0"
"15.300","0"
"15.400","0"
"15.500","0"
"15.600","0"
"15.700","0"
"15.800","0"
"15.900","0"
"16.000","181"
"16.100","31"
"16.200","26"
"16.300","31"
"16.400","26"
"16.500","39"
"16.600","27"
"16.700","35"
"16.800","28"
"16.900","34"
"17.000","24"
"17.100","69"
"17.200","57"
"17.300","66"
"17.400","56"
"17.500","88"
"17.600","85"
"17.700","53"
"17.800","57"
"17.900","86"
"18.000","62"
"18.100","72"
"18.200","104"
"18.300","79"
"18.400","94"
"18.500","157"
"18.600","78"
"18.700","134"
"18.800","159"
"18.900","117"
"19.000","113"
"19.100","118"
"19.200","130"
"19.300","153"
"19.400","101"
"19.500","160"
"19.600","108"
"19.700","147"
"19.800","96"
"19.900","149"
"20.000","88"
"20.100","121"
"20.200","101"
"20.300","129"
"20.400","102"
"20.500","70"
"20.600","110"
"20.700","125"
"20.800","96"
"20.900","117"
"21.000","79"
"21.100","79"
"21.200","49"
"21.300","97"
"21.400","63"
"21.500","81"
"21.600","79"
"21.700","70"
"21.800","86"
"21.900","64"
"22.000","87"
"22.100","69"
"22.200","33"
"22.300","113"
"22.400","31"
"22.500","76"
"22.600","22"
"22.700","81"
"22.800","62"
"22.900","51"
"23.000","68"
"23.100","75"
"23.200","49"
"23.300","81"
"23.400","50"
"23.500","90"
"23.600","59"
"23.700","41"
"23.800","57"
"23.900","43"
"24.000","73"
"24.100","79"
"24.200","77"
"24.300","82"
"24.400","72"
"24.500","119"
"24.600","40"
"24.700","90"
"24.800","42"
"24.900","92"
"25.000","56"
"25.100","71"
"25.200","67"
"25.300","51"
"25.400","53"
"25.500","68"
"25.600","59"
"25.700","104"
"25.800","34"
"25.900","71"
"26.000","49"
"26.100","93"
"26.200","44"
"26.300","54"
"26.400","55"
"26.500","71"
"26.600","41"
"26.700","82"
"26.800","44"
"26.900","42"
"27.000","37"
"27.100","63"
"27.200","51"
"27.300","54"
"27.400","45"
"27.500","55"
"27.600","45"
"27.700","76"
"27.800","88"
"27.900","43"
"28.000","67"
"28.100","54"
"28.200","76"
"28.300","60"
"28.400","65"
"28.500","55"
"28.600","48"
"28.700","49"
"28.800","55"
"28.900","57"
"29.000","66"
"29.100","75"
"29.200","41"
"29.300","69"
"29.400","26"
"29.500","88"
"29.600","30"
"29.700","73"
"29.800","67"
"29.900","58"
"30.000","71"
"30.100","54"
"30.200","39"
"30.300","69"
"30.400","42"
"30.500","31"
"30.600","66"
"30.700","81"
"30.800","60"
"30.900","95"
"31.000","69"
"31.100","85"
"31.200","61"
"31.300","59"
"31.400","58"
"31.500","69"
"31.600","82"
"31.700","48"
"31.800","37"
"31.900","124"
"32.000","41"
"32.100","50"
"32.200","28"
"32.300","48"
"32.400","86"
"32.500","50"
"32.600","50"
"32.700","36"
"32.800","34"
"32.900","23"
"33.000","80"
"33.100","46"
"33.200","49"
"33.300","18"
"33.400","59"
"33.500","78"
"33.600","44"
"33.700","84"
"33.800","34"
"33.900","106"
"34.000","76"
"34.100","74"
"34.200","64"
"34.300","80"
"34.400","42"
"34.500","82"
"34.600","52"
"34.700","88"
"34.800","79"
"34.900","73"
"35.000","33"
"35.100","93"
"35.200","61"
"35.300","58"
"35.400","94"
"35.500","100"
"35.600","61"
"35.700","103"
"35.800","26"
"35.900","111"
"36.000","68"
"36.100","53"
"36.200","83"
"36.300","105"
"36.400","58"
"36.500","51"
"36.600","50"
"36.700","75"
"36.800","45"
"36.900","66"
"37.000","76"
"37.100","52"
"37.200","59"
"37.300","46"
"37.400","54"
"37.500","58"
"37.600","71"
"37.700","52"
"37.800","42"
"37.900","52"
"38.000","41"
"38.100","42"
"38.200","23"
"38.300","62"
"38.400","34"
"38.500","29"
"38.600","36"
"38.700","105"
"38.800","41"
"38.900","103"
"39.000","47"
"39.100","75"
"39.200","43"
"39.300","73"
"39.400","47"
"39.500","89"
"39.600","92"
"39.700","29"
"39.800","61"
"39.900","66"
"40.000","33"
"40.100","63"
"40.200","31"
"40.300","59"
"40.400","35"
"40.500","70"
"40.600","71"
"40.700","73"
"40.800","71"
"40.900","66"
"41.000","74"
"41.100","101"
"41.200","44"
"41.300","79"
"41.400","18"
"41.500","70"
"41.600","68"
"41.700","43"
"41.800","46"
"41.900","55"
"42.000","56"
"42.100","66"
"42.200","33"
"42.300","44"
"42.400","25"
"42.500","113"
"42.600","37"
"42.700","78"
"42.800","77"
"42.900","49"
"43.000","56"
"43.100","78"
"43.200","74"
"43.300","55"
"43.400","47"
"43.500","70"
"43.600","76"
"43.700","69"
"43.800","74"
"43.900","50"
"44.000","90"
"44.100","73"
"44.200","51"
"44.300","75"
"44.400","58"
"44.500","75"
"44.600","90"
"44.700","40"
"44.800","53"
"44.900","20"
"45.000","59"
"45.100","71"
"45.200","34"
"45.300","56"
"45.400","46"
"45.500","27"
"45.600","31"
"45.700","45"
"45.800","33"
"45.900","31"
"46.000","52"
"46.100","23"
"46.200","34"
"46.300","42"
"46.400","34"
"46.500","34"
"46.600","34"
"46.700","47"
"46.800","26"
"46.900","41"
"47.000","32"
"47.100","39"
"47.200","24"
"47.300","39"
"47.400","38"
"47.500","42"
"47.600","31"
"47.700","36"
"47.800","16"
"47.900","54"
"48.000","19"
"48.100","39"
"48.200","11"
"48.300","34"
"48.400","20"
"48.500","44"
"48.600","30"
"48.700","23"
"48.800","24"
"48.900","29"
"49.000","24"
"49.100","36"
"49.200","23"
"49.300","21"
"49.400","21"
"49.500","45"
"49.600","27"
"49.700","31"
"49.800","31"
"49.900","44"
"50.000","22"
"50.100","29"
"50.200","46"
"50.300","27"
"50.400","38"
"50.500","42"
"50.600","33"
"50.700","36"
"50.800","36"
"50.900","32"
"51.000","38"
"51.100","43"
"51.200","42"
"51.300","30"
"51.400","24"
"51.500","40"
"51.600","29"
"51.700","51"
"51.800","39"
"51.900","41"
"52.000","34"
"52.100","48"
"52.200","30"
"52.300","54"
"52.400","47"
"52.500","29"
"52.600","33"
"52.700","42"
"52.800","28"
"52.900","43"
"53.000","48"
"53.100","45"
"53.200","22"
"53.300","53"
"53.400","32"
"53.500","45"
"53.600","22"
"53.700","85"
"53.800","39"
"53.900","69"
"54.000","68"
"54.100","76"
"54.200","46"
"54.300","110"
"54.400","53"
"54.500","77"
"54.600","50"
"54.700","66"
"54.800","48"
"54.900","94"
"55.000","52"
"55.100","92"
"55.200","50"
"55.300","82"
"55.400","25"
"55.500","80"
"55.600","88"
"55.700","48"
"55.800","75"
"55.900","68"
"56.000","75"
"56.100","71"
"56.200","32"
"56.300","74"
"56.400","54"
"56.500","63"
"56.600","105"
"56.700","58"
"56.800","44"
"56.900","65"
"57.000","64"
"57.100","89"
"57.200","89"
"57.300","57"
"57.400","64"
"57.500","100"
"57.600","70"
"57.700","103"
"57.800","56"
"57.900","66"
"58.000","129"
"58.100","56"
"58.200","73"
"58.300","50"
"58.400","41"
"58.500","66"
"58.600","23"
"58.700","87"
"58.800","94"
"58.900","47"
"59.000","86"
"59.100","58"
"59.200","78"
"59.300","105"
"59.400","33"
"59.500","84"
"59.600","54"
"59.700","55"
"59.800","64"
"59.900","60"
"60.000","31"
"60.100","80"
"60.200","39"
"60.300","88"
"60.400","84"
"60.500","48"
"60.600","77"
"60.700","74"
"60.800","49"
"60.900","82"
"61.000","28"
"61.100","84"
"61.200","55"
"61.300","40"
"61.400","69"
"61.500","60"
"61.600","43"
"61.700","81"
"61.800","34"
"61.900","83"
"62.000","50"
"62.100","45"
"62.200","53"
"62.300","54"
"62.400","62"
"62.500","86"
"62.600","64"
"62.700","95"
"62.800","54"
"62.900","93"
"63.000","65"
"63.100","80"
"63.200","51"
"63.300","144"
"63.400","58"
"63.500","92"
"63.600","79"
"63.700","102"
"63.800","82"
"63.900","101"
"64.000","51"
"64.100","81"
"64.200","81"
"64.300","107"
"64.400","52"
"64.500","66"
"64.600","63"
"64.700","52"
"64.800","29"
"64.900","59"
"65.000","44"
"65.100","53"
"65.200","67"
"65.300","42"
"65.400","37"
"65.500","54"
"65.600","18"
"65.700","70"
"65.800","47"
"65.900","46"
"66.000","48"
"66.100","58"
"66.200","51"
"66.300","51"
"66.400","31"
"66.500","59"
"66.600","62"
"66.700","99"
"66.800","58"
"66.900","90"
"67.000","62"
"67.100","96"
"67.200","70"
"67.300","58"
"67.400","34"
"67.500","49"
"67.600","42"
"67.700","64"
"67.800","54"
"67.900","34"
"68.000","28"
"68.100","37"
"68.200","93"
"68.300","30"
"68.400","92"
"68.500","41"
"68.600","58"
"68.700","50"
"68.800","66"
"68.900","71"
"69.000","32"
"69.100","66"
"69.200","52"
"69.300","44"
"69.400","55"
"69.500","59"
"69.600","43"
"69.700","67"
"69.800","52"
"69.900","77"
"70.000","53"
"70.100","42"
"70.200","49"
"70.300","58"
"70.400","19"
"70.500","55"
"70.600","39"
"70.700","38"
"70.800","41"
"70.900","38"
"71.000","97"
"71.100","31"
"71.200","50"
"71.300","48"
"71.400","59"
"71.500","71"
"71.600","48"
"71.700","45"
"71.800","22"
"71.900","52"
"72.000","72"
"72.100","65"
"72.200","41"
"72.300","33"
"72.400","57"
"72.500","66"
"72.600","66"
"72.700","65"
"72.800","43"
"72.900","77"
"73.000","42"
"73.100","47"
"73.200","69"
"73.300","40"
"73.400","35"
"73.500","107"
"73.600","46"
"73.700","86"
"73.800","49"
"73.900","79"
"74.000","40"
"74.100","67"
"74.200","55"
"74.300","53"
"74.400","58"
"74.500","74"
"74.600","52"
"74.700","60"
"74.800","96"
"74.900","58"
"75.000","56"
"75.100","57"
"75.200","67"
"75.300","63"
"75.400","44"
"75.500","84"
"75.600","34"
"75.700","81"
"75.800","84"
"75.900","41"
"76.000","64"
"76.100","83"
"76.200","35"
"76.300","76"
"76.400","89"
"76.500","24"
"76.600","34"
"76.700","49"
"76.800","51"
"76.900","61"
"77.000","26"
"77.100","56"
"77.200","54"
"77.300","44"
"77.400","69"
"77.500","28"
"77.600","113"
"77.700","48"
"77.800","78"
"77.900","83"
"78.000","62"
"78.100","119"
"78.200","38"
"78.300","95"
"78.400","80"
"78.500","68"
"78.600","116"
"78.700","87"
"78.800","38"
"78.900","80"
"79.000","42"
"79.100","114"
"79.200","41"
"79.300","98"
"79.400","75"
"79.500","78"
"79.600","77"
"79.700","50"
"79.800","50"
"79.900","112"
"80.000","89"
"80.100","69"
"80.200","91"
"80.300","110"
"80.400","65"
"80.500","109"
"80.600","71"
"80.700","74"
"80.800","105"
"80.900","35"
"81.000","68"
"81.100","68"
"81.200","75"
"81.300","75"
"81.400","24"
"81.500","91"
"81.600","34"
"81.700","122"
"81.800","41"
"81.900","107"
"82.000","69"
"82.100","67"
"82.200","89"
"82.300","98"
"82.400","47"
"82.500","97"
"82.600","47"
"82.700","82"
"82.800","75"
"82.900","67"
"83.000","93"
"83.100","88"
"83.200","75"
"83.300","79"
"83.400","47"
"83.500","100"
"83.600","51"
"83.700","54"
"83.800","41"
"83.900","36"
"84.000","37"
"84.100","63"
"84.200","41"
"84.300","62"
"84.400","47"
"84.500","37"
"84.600","38"
"84.700","58"
"84.800","36"
"84.900","54"
"85.000","34"
"85.100","54"
"85.200","41"
"85.300","58"
"85.400","32"
"85.500","68"
"85.600","29"
"85.700","64"
"85.800","39"
"85.900","35"
"86.000","70"
"86.100","28"
"86.200","47"
"86.300","45"
"86.400","32"
"86.500","71"
"86.600","38"
"86.700","48"
"86.800","33"
"86.900","52"
"87.000","38"
"87.100","66"
"87.200","28"
"87.300","44"
"87.400","45"
"87.500","55"
"87.600","29"
"87.700","28"
"87.800","24"
"87.900","44"
"88.000","41"
"88.100","39"
"88.200","36"
"88.300","46"
"88.400","21"
"88.500","51"
"88.600","46"
"88.700","30"
"88.800","31"
"88.900","67"
"89.000","28"
"89.100","53"
"89.200","43"
"89.300","27"
"89.400","35"
"89.500","70"
"89.600","43"
"89.700","19"
"89.800","26"
"89.900","86"
"90.000","27"
"90.100","70"
"90.200","41"
"90.300","70"
"90.400","56"
"90.500","57"
"90.600","53"
"90.700","69"
"90.800","42"
"90.900","45"
"91.000","29"
"91.100","69"
"91.200","47"
"91.300","52"
"91.400","42"
"91.500","65"
"91.600","19"
"91.700","32"
"91.800","27"
"91.900","38"
"92.000","21"
"92.100","51"
"92.200","36"
"92.300","30"
"92.400","39"
"92.500","31"
"92.600","20"
"92.700","41"
"92.800","25"
"92.900","21"
"93.000","33"
"93.100","29"
"93.200","29"
"93.300","34"
"93.400","21"
"93.500","28"
"93.600","16"
"93.700","32"
"93.800","21"
"93.900","28"
"94.000","43"
"94.100","24"
"94.200","97"
"94.300","15"
"94.400","23"
"94.500","18"
"94.600","11"
"94.700","17"
"94.800","9"
"94.900","22"
"95.000","22"
"95.100","11"
"95.200","17"
"95.300","13"
"95.400","8"
"95.500","19"
"95.600","15"
"95.700","8"
"95.800","10"
"95.900","12"
"96.000","6"
"96.100","196"
"96.200","45"
"96.300","117"
"96.400","93"
"96.500","82"
"96.600","100"
"96.700","83"
"96.800","61"
"96.900","132"
"97.000","60"
"97.100","131"
"97.200","89"
"97.300","90"
"97.400","85"
"97.500","68"
"97.600","55"
"97.700","78"
"97.800","27"
"97.900","122"
"98.000","31"
"98.100","62"
"98.200","98"
"98.300","64"
"98.400","75"
"98.500","70"
"98.600","85"
"98.700","105"
"98.800","43"
"98.900","87"
"99.000","43"
"99.100","110"
"99.200","49"
"99.300","99"
"99.400","77"
"99.500","77"
"99.600","97"
"99.700","96"
"99.800","91"
"99.900","75"
"100.000","33"
"100.100","72"
"100.200","67"
"100.300","51"
"100.400","74"
"100.500","44"
"100.600","45"
"100.700","113"
"100.800","91"
"100.900","106"
"101.000","71"
"101.100","102"
"101.200","54"
"101.300","71"
"101.400","98"
"101.500","100"
"101.600","70"
"101.700","70"
"101.800","56"
"101.900","108"
"102.000","121"
"102.100","74"
"102.200","102"
"102.300","114"
"102.400","61"
"102.500","89"
"102.600","79"
"102.700","116"
"102.800","86"
"102.900","121"
"103.000","83"
"103.100","105"
"103.200","76"
"103.300","97"
"103.400","101"
"103.500","146"
"103.600","126"
"103.700","69"
"103.800","78"
"103.900","98"
"104.000","82"
"104.100","88"
"104.200","106"
"104.300","107"
"104.400","85"
"104.500","87"
"104.600","81"
"104.700","77"
"104.800","79"
"104.900","78"
"105.000","67"
"105.100","102"
"105.200","90"
"105.300","64"
"105.400","54"
"105.500","107"
"105.600","46"
"105.700","72"
"105.800","49"
"105.900","70"
"106.000","45"
"106.100","125"
"106.200","37"
"106.300","73"
"106.400","54"
"106.500","65"
"106.600","80"
"106.700","55"
"106.800","114"
"106.900","44"
"107.000","44"
"107.100","96"
"107.200","47"
"107.300","67"
"107.400","51"
"107.500","66"
"107.600","40"
"107.700","111"
"107.800","51"
"107.900","48"
"108.000","78"
"108.100","74"
"108.200","71"
"108.300","92"
"108.400","51"
"108.500","112"
"108.600","60"
"108.700","93"
"108.800","49"
"108.900","77"
"109.000","49"
"109.100","71"
"109.200","48"
"109.300","88"
"109.400","65"
"109.500","39"
"109.600","78"
"109.700","64"
"109.800","64"
"109.900","80"
"110.000","38"
"110.100","73"
"110.200","70"
"110.300","65"
"110.400","64"
"110.500","48"
"110.600","59"
"110.700","54"
"110.800","34"
"110.900","48"
"111.000","40"
"111.100","60"
"111.200","39"
"111.300","54"
"111.400","40"
"111.500","58"
"111.600","50"
"111.700","44"
"111.800","38"
"111.900","57"
"112.000","53"
"112.100","37"
"112.200","40"
"112.300","50"
"112.400","29"
"112.500","47"
"112.600","44"
"112.700","29"
"112.800","84"
"112.900","40"
"113.000","35"
"113.100","33"
"113.200","43"
"113.300","29"
"113.400","25"
"113.500","40"
"113.600","16"
"113.700","51"
"113.800","37"
"113.900","35"
"114.000","42"
"114.100","55"
"114.200","29"
"114.300","94"
"114.400","32"
"114.500","50"
"114.600","21"
"114.700","44"
"114.800","57"
"114.900","42"
"115.000","32"
"115.100","77"
"115.200","50"
"115.300","55"
"115.400","46"
"115.500","43"
"115.600","47"
"115.700","50"
"115.800","33"
"115.900","42"
"116.000","16"
"116.100","32"
"116.200","19"
"116.300","80"
"116.400","58"
"116.500","59"
"116.600","57"
"116.700","76"
"116.800","48"
"116.900","89"
"117.000","56"
"117.100","80"
"117.200","54"
"117.300","75"
"117.400","52"
"117.500","65"
"117.600","72"
"117.700","56"
"117.800","44"
"117.900","57"
"118.000","75"
"118.100","56"
"118.200","42"
"118.300","72"
"118.400","38"
"118.500","57"
"118.600","54"
"118.700","43"
"118.800","38"
"118.900","48"
"119.000","24"
"119.100","48"
"119.200","44"
"119.300","37"
"119.400","39"
"119.500","62"
"119.600","54"
"119.700","57"
"119.800","46"
"119.900","67"
"120.000","59"
"120.100","50"
"120.200","64"
"120.300","72"
"120.400","49"
"120.500","58"
"120.600","44"
"120.700","48"
"120.800","54"
"120.900","65"
"121.000","30"
"121.100","70"
"121.200","29"
"121.300","77"
"121.400","38"
"121.500","39"
"121.600","52"
"121.700","59"
"121.800","37"
"121.900","37"
"122.000","89"
"122.100","39"
"122.200","79"
"122.300","36"
"122.400","53"
"122.500","46"
"122.600","36"
"122.700","77"
"122.800","65"
"122.900","30"
"123.000","81"
"123.100","35"
"123.200","51"
"123.300","65"
"123.400","78"
"123.500","61"
"123.600","40"
"123.700","57"
"123.800","39"
"123.900","77"
"124.000","37"
"124.100","48"
"124.200","33"
"124.300","113"
"124.400","47"
"124.500","89"
"124.600","49"
"124.700","114"
"124.800","73"
"124.900","55"
"125.000","69"
"125.100","63"
"125.200","38"
"125.300","70"
"125.400","37"
"125.500","63"
"125.600","46"
"125.700","34"
"125.800","59"
"125.900","55"
"126.000","55"
"126.100","64"
"126.200","38"
"126.300","79"
"126.400","45"
"126.500","50"
"126.600","61"
"126.700","78"
"126.800","40"
"126.900","41"
"127.000","36"
"127.100","51"
"127.200","28"
"127.300","64"
"127.400","42"
"127.500","43"
"127.600","61"
"127.700","49"
"127.800","32"
"127.900","71"
"128.000","33"
"128.100","49"
"128.200","47"
"128.300","46"
"128.400","51"
"128.500","72"
"128.600","50"
"128.700","43"
"128.800","25"
"128.900","63"
"129.000","48"
"129.100","53"
"129.200","62"
"129.300","36"
"129.400","31"
"129.500","42"
"129.600","41"
"129.700","50"
"129.800","64"
"129.900","64"
"130.000","26"
"130.100","43"
"130.200","29"
"130.300","87"
"130.400","23"
"130.500","74"
"130.600","27"
"130.700","72"
"130.800","74"
"130.900","47"
"131.000","72"
"131.100","67"
"131.200","40"
"131.300","71"
"131.400","24"
"131.500","67"
"131.600","55"
"131.700","46"
"131.800","90"
"131.900","68"
"132.000","37"
"132.100","84"
"132.200","40"
"132.300","95"
"132.400","60"
"132.500","58"
"132.600","68"
"132.700","74"
"132.800","50"
"132.900","74"
"133.000","23"
"133.100","72"
"133.200","55"
"133.300","48"
"133.400","74"
"133.500","57"
"133.600","34"
"133.700","86"
"133.800","43"
"133.900","96"
"134.000","69"
"134.100","70"
"134.200","25"
"134.300","55"
"134.400","17"
"134.500","56"
"134.600","43"
"134.700","41"
"134.800","39"
"134.900","65"
"135.000","83"
"135.100","24"
"135.200","54"
"135.300","72"
"135.400","31"
"135.500","55"
"135.600","55"
"135.700","24"
"135.800","43"
"135.900","35"
"136.000","51"
"136.100","56"
"136.200","32"
"136.300","55"
"136.400","21"
"136.500","47"
"136.600","49"
"136.700","59"
"136.800","31"
"136.900","59"
"137.000","39"
"137.100","40"
"137.200","59"
"137.300","47"
"137.400","30"
"137.500","51"
"137.600","34"
"137.700","52"
"137.800","68"
"137.900","43"
"138.000","52"
"138.100","40"
"138.200","72"
"138.300","51"
"138.400","58"
"138.500","82"
"138.600","47"
"138.700","76"
"138.800","31"
"138.900","59"
"139.000","19"
"139.100","64"
"139.200","50"
"139.300","38"
"139.400","73"
"139.500","81"
"139.600","47"
"139.700","89"
"139.800","39"
"139.900","87"
"140.000","27"
"140.100","93"
"140.200","84"
"140.300","58"
"140.400","69"
"140.500","33"
"140.600","71"
"140.700","52"
"140.800","61"
"140.900","58"
"141.000","18"
"141.100","82"
"141.200","56"
"141.300","49"
"141.400","82"
"141.500","49"
"141.600","30"
"141.700","68"
"141.800","29"
"141.900","69"
"142.000","55"
"142.100","28"
"142.200","72"
"142.300","42"
"142.400","55"
"142.500","74"
"142.600","87"
"142.700","55"
"142.800","46"
"142.900","60"
"143.000","59"
"143.100","65"
"143.200","74"
"143.300","71"
"143.400","79"
"143.500","72"
"143.600","49"
"143.700","77"
"143.800","59"
"143.900","99"
"144.000","84"
"144.100","76"
"144.200","40"
"144.300","61"
"144.400","41"
"144.500","93"
"144.600","67"
"144.700","40"
"144.800","39"
"144.900","98"
"145.000","41"
"145.100","94"
"145.200","54"
"145.300","69"
"145.400","31"
"145.500","77"
"145.600","56"
"145.700","62"
"145.800","67"
"145.900","63"
"146.000","36"
"146.100","81"
"146.200","69"
"146.300","27"
"146.400","38"
"146.500","75"
"146.600","19"
"146.700","54"
"146.800","46"
"146.900","32"
"147.000","38"
"147.100","25"
"147.200","41"
"147.300","43"
"147.400","21"
"147.500","47"
"147.600","18"
"147.700","41"
"147.800","38"
"147.900","34"
"148.000","39"
"148.100","48"
"148.200","26"
"148.300","41"
"148.400","21"
"148.500","35"
"148.600","16"
"148.700","102"
"148.800","36"
"148.900","63"
"149.000","54"
"149.100","59"
"149.200","47"
"149.300","53"
"149.400","43"
"149.500","43"
"149.600","60"
"149.700","62"
"149.800","38"
"149.900","70"
"150.000","22"
"150.100","67"
"150.200","34"
"150.300","91"
"150.400","31"
"150.500","120"
"150.600","11"
"150.700","16"
"150.800","13"
"150.900","21"
"151.000","17"
"151.100","14"
"151.200","39"
"151.300","29"
"151.400","25"
"151.500","25"
"151.600","18"
"151.700","17"
"151.800","9"
"151.900","18"
"152.000","14"
"152.100","15"
"152.200","12"
"152.300","103"
"152.400","46"
"152.500","76"
"152.600","52"
"152.700","68"
"152.800","48"
"152.900","101"
"153.000","68"
"153.100","83"
"153.200","67"
"153.300","48"
"153.400","54"
"153.500","110"
"153.600","57"
"153.700","58"
"153.800","63"
"153.900","60"
"154.000","16"
"154.100","37"
"154.200","15"
"154.300","47"
"154.400","40"
"154.500","44"
"154.600","23"
"154.700","45"
"154.800","25"
"154.900","38"
"155.000","20"
"155.100","44"
"155.200","21"
"155.300","29"
"155.400","43"
"155.500","28"
"155.600","17"
"155.700","48"
"155.800","15"
"155.900","37"
"156.000","17"
"156.100","38"
"156.200","25"
"156.300","39"
"156.400","25"
"156.500","45"
"156.600","39"
"156.700","66"
"156.800","37"
"156.900","53"
"157.000","31"
"157.100","51"
"157.200","51"
"157.300","47"
"157.400","38"
"157.500","30"
"157.600","44"
"157.700","43"
"157.800","32"
"157.900","63"
"158.000","60"
"158.100","35"
"158.200","34"
"158.300","62"
"158.400","63"
"158.500","56"
"158.600","51"
"158.700","79"
"158.800","33"
"158.900","53"
"159.000","31"
"159.100","46"
"159.200","43"
"159.300","57"
"159.400","49"
"159.500","51"
"159.600","50"
"159.700","54"
"159.800","44"
"159.900","58"
"160.000","67"
"160.100","62"
"160.200","45"
"160.300","70"
"160.400","64"
"160.500","91"
"160.600","47"
"160.700","80"
"160.800","57"
"160.900","112"
"161.000","65"
"161.100","99"
"161.200","90"
"161.300","52"
"161.400","71"
"161.500","69"
"161.600","87"
"161.700","83"
"161.800","68"
"161.900","75"
"162.000","55"
"162.100","65"
"162.200","61"
"162.300","60"
"162.400","41"
"162.500","77"
"162.600","38"
"162.700","53"
"162.800","42"
"162.900","66"
"163.000","48"
"163.100","91"
"163.200","41"
"163.300","68"
"163.400","62"
"163.500","58"
"163.600","37"
"163.700","76"
"163.800","49"
"163.900","30"
"164.000","66"
"164.100","44"
"164.200","44"
"164.300","50"
"164.400","56"
"164.500","63"
"164.600","35"
"164.700","70"
"164.800","20"
"164.900","75"
"165.000","58"
"165.100","56"
"165.200","69"
"165.300","65"
"165.400","57"
"165.500","45"
"165.600","16"
"165.700","133"
"165.800","53"
"165.900","49"
"166.000","62"
"166.100","43"
"166.200","69"
"166.300","75"
"166.400","36"
"166.500","64"
"166.600","37"
"166.700","53"
"166.800","56"
"166.900","47"
"167.000","63"
"167.100","47"
"167.200","37"
"167.300","69"
"167.400","31"
"167.500","49"
"167.600","30"
"167.700","77"
"167.800","72"
"167.900","59"
"168.000","77"
"168.100","97"
"168.200","63"
"168.300","102"
"168.400","74"
"168.500","94"
"168.600","100"
"168.700","119"
"168.800","77"
"168.900","120"
"169.000","75"
"169.100","106"
"169.200","129"
"169.300","61"
"169.400","73"
"169.500","82"
"169.600","70"
"169.700","63"
"169.800","46"
"169.900","89"
"170.000","47"
"170.100","94"
"170.200","67"
"170.300","67"
"170.400","64"
"170.500","65"
"170.600","77"
"170.700","91"
"170.800","106"
"170.900","75"
"171.000","36"
"171.100","88"
"171.200","66"
"171.300","68"
"171.400","77"
"171.500","91"
"171.600","51"
"171.700","91"
"171.800","71"
"171.900","101"
"172.000","65"
"172.100","84"
"172.200","83"
"172.300","94"
"172.400","51"
"172.500","106"
"172.600","34"
"172.700","105"
"172.800","69"
"172.900","78"
"173.000","92"
"173.100","93"
"173.200","59"
"173.300","104"
"173.400","43"
"173.500","126"
"173.600","36"
"173.700","88"
"173.800","39"
"173.900","93"
"174.000","89"
"174.100","33"
"174.200","50"
"174.300","54"
"174.400","98"
"174.500","65"
"174.600","87"
"174.700","58"
"174.800","46"
"174.900","114"
"175.000","58"
"175.100","78"
"175.200","76"
"175.300","67"
"175.400","48"
"175.500","86"
"175.600","91"
"175.700","74"
"175.800","35"
"175.900","144"
"176.000","34"
"176.100","116"
"176.200","88"
"176.300","88"
"176.400","85"
"176.500","84"
"176.600","93"
"176.700","96"
"176.800","44"
"176.900","109"
"177.000","28"
"177.100","112"
"177.200","103"
"177.300","114"
"177.400","52"
"177.500","103"
"177.600","116"
"177.700","112"
"177.800","94"
"177.900","89"
"178.000","45"
"178.100","114"
"178.200","43"
"178.300","117"
"178.400","87"
"178.500","69"
"178.600","74"
"178.700","88"
"178.800","51"
"178.900","98"
"179.000","37"
"179.100","106"
"179.200","46"
"179.300","88"
"179.400","57"
"179.500","79"
"179.600","36"
"179.700","95"
"179.800","81"
"179.900","27"
"180.000","33"
"180.100","42"
"180.200","32"
"180.300","47"
"180.400","38"
"180.500","39"
"180.600","23"
"180.700","45"
"180.800","22"
"180.900","42"
"181.000","51"
"181.100","46"
"181.200","40"
"181.300","47"
"181.400","43"
"181.500","49"
"181.600","24"
"181.700","56"
"181.800","27"
"181.900","71"
"182.000","46"
"182.100","32"
"182.200","39"
"182.300","57"
"182.400","21"
"182.500","49"
"182.600","20"
"182.700","88"
"182.800","30"
"182.900","39"
"183.000","31"
"183.100","40"
"183.200","18"
"183.300","43"
"183.400","33"
"183.500","30"
"183.600","43"
"183.700","30"
"183.800","21"
"183.900","40"
"184.000","13"
"184.100","37"
"184.200","20"
"184.300","35"
"184.400","17"
"184.500","39"
"184.600","17"
"184.700","34"
"184.800","11"
"184.900","128"
"185.000","12"
"185.100","25"
"185.200","28"
"185.300","15"
"185.400","19"
"185.500","15"
"185.600","21"
"185.700","23"
"185.800","14"
"185.900","23"
"186.000","10"
"186.100","104"
"186.200","19"
"186.300","24"
"186.400","21"
"186.500","32"
"186.600","13"
"186.700","60"
"186.800","26"
"186.900","25"
"187.000","13"
"187.100","26"
"187.200","19"
"187.300","19"
"187.400","22"
"187.500","24"
"187.600","14"
"187.700","28"
"187.800","19"
"187.900","14"
"188.000","14"
"188.100","24"
"188.200","11"
"188.300","12"
"188.400","9"
"188.500","14"
"188.600","8"
"188.700","15"
"188.800","12"
"188.900","15"
"189.000","7"
"189.100","15"
"189.200","10"
"189.300","13"
"189.400","7"
"189.500","12"
"189.600","8"
"189.700","29"
"189.800","8"
"189.900","15"
"190.000","12"
"190.100","9"
"190.200","12"
"190.300","15"
"190.400","6"
"190.500","17"
"190.600","8"
"190.700","12"
"190.800","8"
"190.900","15"
"191.000","11"
"191.100","11"
"191.200","7"
"191.300","24"
"191.400","10"
"191.500","12"
"191.600","14"
"191.700","13"
"191.800","8"
"191.900","19"
"192.000","11"
"192.100","9"
"192.200","1"
"192.300","1"
"192.400","2"
"192.500","0"
"192.600","0"
"192.700","0"
"192.800","0"
"192.900","2"
"193.000","0"
"193.100","0"
"193.200","0"
"193.300","1"
"193.400","0"
"193.500","0"
"193.600","0"
"193.700","2"
"193.800","0"
"193.900","1"
"194.000","0"
"194.100","0"
"194.200","0"
"194.300","0"
"194.400","0"
"194.500","0"
"194.600","0"
"194.700","2"
"194.800","0"
"194.900","1"
"195.000","0"
"195.100","0"
"195.200","0"
"195.300","0"
"195.400","0"
"195.500","0"
"195.600","0"
"195.700","0"
"195.800","0"
"195.900","0"
"196.000","0"
"196.100","0"
"196.200","0"
"196.300","0"
"196.400","3"
"196.500","0"
"196.600","0"
"196.700","2"
"196.800","0"
"196.900","2"
"197.000","0"
"197.100","0"
"197.200","1"
"197.300","1"
"197.400","2"
"197.500","0"
"197.600","0"
"197.700","0"
"197.800","0"
"197.900","2"
"198.000","0"
"198.100","0"
"198.200","0"
"198.300","1"
"198.400","0"
"198.500","0"
"198.600","0"
"198.700","0"
"198.800","2"
"198.900","0"
"199.000","1"

